<schemalist gettext-domain="customgestures">
    <enum id="org.gnome.shell.extensions.customgestures.actions">
        <value value="0" nick="overview"/>
        <value value="1" nick="reverse-overview1"/>
        <value value="2" nick="next-window"/>
        <value value="3" nick="prev-window1"/>
        <value value="4" nick="reverse-overview"/>
        <value value="5" nick="overview1"/>
        <value value="6" nick="prev-window"/>
        <value value="7" nick="next-window1"/>
    </enum>
    <schema id="org.gnome.shell.extensions.customgestures" path="/org/gnome/shell/extensions/customgestures/">
        <key name="left-three-swipes" type="b">
            <default>true</default>
            <summary>3 Finger Left Horizontal Swipes</summary>
            <description>If true, horizontal left 3 finger gestures will perform an actions as set by the user</description>
        </key>
        <key name="left-three-action" enum="org.gnome.shell.extensions.customgestures.actions">
            <default>'next-window'</default>
            <summary>3 Finger Left Horizontal Swipe Action</summary>
            <description>The action to perform when a 3 finger left horizontal swipe gesture is recognized</description>
        </key>
        <key name="right-three-swipes" type="b">
            <default>true</default>
            <summary>3 Finger Right Horizontal Swipes</summary>
            <description>If true, horizontal right 3 finger gestures will perform an actions as set by the user</description>
        </key>
        <key name="right-three-action" enum="org.gnome.shell.extensions.customgestures.actions">
            <default>'prev-window'</default>
            <summary>3 Finger Right Horizontal Swipe Action</summary>
            <description>The action to perform when a 3 finger right horizontal swipe gesture is recognized</description>
        </key>
        <key name="up-three-swipes" type="b">
            <default>true</default>
            <summary>3 Finger Up Vertical Swipes</summary>
            <description>If true, vertical up 3 finger gestures will perform an actions as set by the user</description>
        </key>
        <key name="up-three-action" enum="org.gnome.shell.extensions.customgestures.actions">
            <default>'overview'</default>
            <summary>3 Finger Up Vertical Swipe Action</summary>
            <description>The action to perform when a 3 finger up vertical swipe gesture is recognized</description>
        </key>
        <key name="down-three-swipes" type="b">
            <default>true</default>
            <summary>3 Finger Down Vertical Swipes</summary>
            <description>If true, vertical down 3 finger gestures will perform an actions as set by the user</description>
        </key>
        <key name="down-three-action" enum="org.gnome.shell.extensions.customgestures.actions">
            <default>'reverse-overview'</default>
            <summary>3 Finger Down Vertical Swipe Action</summary>
            <description>The action to perform when a 3 finger down vertical swipe gesture is recognized</description>
        </key>
        <key name="vertical-sensitivity-adjustment" type="i">
            <default>0</default>
            <summary>Vertical Sensitivity Adjustment</summary>
            <description>An adjustment to the default sensitivity to customize the vertical gestures for different hardware</description>
        </key>
        <key name="horizontal-sensitivity-adjustment" type="i">
            <default>0</default>
            <summary>Horizontal Sensitivity Adjustment</summary>
            <description>An adjustment to the default sensitivity to customize the horizontal gestures for different hardware</description>
        </key>
    </schema>
</schemalist>
